Date,Iteration,Container,CellSizeFactor,Traversal,Load Estimator,Data Layout,Newton 3,sample0,sample1,sample2,sample3,sample4,sample5,sample6,sample7,sample8,sample9,Reduced,Smoothed
2024-11-13 16:07:58,9,LinkedCells,1.000000,lc_c01,none,AoS,disabled,7295839,6803620,7100350,6797703,6779660,6751880,6762249,6768320,6775889,6780372,6861588,6861588
2024-11-13 16:07:58,19,LinkedCells,1.000000,lc_c01,none,SoA,disabled,4255070,3864365,3799546,3798650,3785689,3773518,3740849,3694233,3697568,3695332,3810481,3810481
2024-11-13 16:07:58,29,LinkedCells,1.000000,lc_c01_combined_SoA,none,SoA,disabled,4783488,4841317,3421130,3454565,3514258,3510315,3566937,3483390,3448869,3596561,3762082,3762082
2024-11-13 16:07:59,39,LinkedCells,1.000000,lc_c04,none,AoS,disabled,6392630,6336430,6372964,6342563,6368417,6315448,6354320,6358822,6865594,6396560,6410374,6410374
2024-11-13 16:07:59,49,LinkedCells,1.000000,lc_c04,none,AoS,enabled,4770836,4800678,4766939,4782161,4761461,4712687,4724649,4655520,4783179,4718587,4747669,4747669
2024-11-13 16:07:59,59,LinkedCells,1.000000,lc_c04,none,SoA,disabled,4454113,4247066,4227621,4222045,4263027,4227693,4286820,4310522,4305434,4271764,4281610,4281610
2024-11-13 16:07:59,69,LinkedCells,1.000000,lc_c04,none,SoA,enabled,3355640,3202810,3188393,3223893,3242288,3277014,3251727,3236188,3240032,3235428,3245340,3245340
2024-11-13 16:07:59,79,LinkedCells,1.000000,lc_c04_HCP,none,AoS,disabled,5981385,5991641,5984957,5984825,5961800,5957786,5946440,5915267,5891709,5927466,5954327,5954327
2024-11-13 16:07:59,89,LinkedCells,1.000000,lc_c04_HCP,none,AoS,enabled,4446145,4464484,4496249,4484933,4482560,4451034,4496866,4435945,4441475,4549274,4474896,4474896
2024-11-13 16:07:59,99,LinkedCells,1.000000,lc_c04_HCP,none,SoA,disabled,4114575,4102692,4184182,4234795,4212601,4254181,4296695,4264020,4267475,4302804,4223401,4223401
2024-11-13 16:07:59,109,LinkedCells,1.000000,lc_c04_HCP,none,SoA,enabled,3185224,3147676,3136071,3231700,3269610,3262997,3265796,3206739,3259585,3228625,3219401,3219401
2024-11-13 16:07:59,119,LinkedCells,1.000000,lc_c04_combined_SoA,none,SoA,disabled,5032370,4777381,4735447,4745129,4687843,4723408,4792639,4889162,4821863,4855303,4806054,4806054
2024-11-13 16:07:59,129,LinkedCells,1.000000,lc_c04_combined_SoA,none,SoA,enabled,3819099,3726465,3697279,3879637,3770455,3872617,3960863,3853267,3913807,3987299,3848078,3848078
2024-11-13 16:07:59,139,LinkedCells,1.000000,lc_c08,none,AoS,disabled,5908752,5886085,5944067,5871924,5936042,5920273,5875938,5902338,5985939,5982939,5921429,5921429
2024-11-13 16:07:59,149,LinkedCells,1.000000,lc_c08,none,AoS,enabled,4684286,4631762,4697346,4673365,4669480,4700342,4693918,4746227,4752832,4719450,4696900,4696900
2024-11-13 16:07:59,159,LinkedCells,1.000000,lc_c08,none,SoA,disabled,4543692,4399492,4447082,4423579,4417865,4422697,4446743,4424224,4387540,4391878,4430479,4430479
2024-11-13 16:07:59,169,LinkedCells,1.000000,lc_c08,none,SoA,enabled,3550952,3536496,3487584,3505195,3517126,3500469,3507924,3509531,3527237,3582564,3522507,3522507
2024-11-13 16:07:59,179,LinkedCells,1.000000,lc_c18,none,AoS,disabled,6414194,6407611,6320757,6400657,6387243,6423641,6394916,6428188,6444108,6417351,6403866,6403866
2024-11-13 16:08:00,189,LinkedCells,1.000000,lc_c18,none,AoS,enabled,5301657,5258566,5318620,5376976,5244654,5286027,5365587,5443343,5329384,5375534,5330034,5330034
2024-11-13 16:08:00,199,LinkedCells,1.000000,lc_c18,none,SoA,disabled,5123952,5199106,5347306,5224261,5307552,5310158,5361724,5400763,5342165,5373760,5299074,5299074
2024-11-13 16:08:00,209,LinkedCells,1.000000,lc_c18,none,SoA,enabled,4449467,4390490,4360764,4437397,4404182,4409669,4457727,4351393,4355296,4494956,4411133,4411133
2024-11-13 16:08:00,219,LinkedCells,1.000000,lc_sliced,none,AoS,disabled,5535650,5463044,5430744,5482702,5447952,5438656,5395302,5368683,5441676,5457339,5446174,5446174
2024-11-13 16:08:00,229,LinkedCells,1.000000,lc_sliced,none,AoS,enabled,4220275,4218789,4167981,4191844,4169442,4212196,4166647,4163943,4194768,4100878,4180675,4180675
2024-11-13 16:08:00,239,LinkedCells,1.000000,lc_sliced,none,SoA,disabled,3666669,3681608,3667822,3633541,3650866,3679725,3586534,3639606,3620833,3630206,3645740,3645740
2024-11-13 16:08:00,249,LinkedCells,1.000000,lc_sliced,none,SoA,enabled,2717164,2676207,2670525,2661907,2683956,2689736,2706460,2740381,2839390,2752929,2713865,2713865
2024-11-13 16:08:00,259,LinkedCells,1.000000,lc_sliced_balanced,none,AoS,disabled,5060891,4981595,6032659,5993445,5099955,6107394,5869343,5084451,5394069,5108455,5473225,5473225
2024-11-13 16:08:00,269,LinkedCells,1.000000,lc_sliced_balanced,none,AoS,enabled,4437491,4480051,4518888,4014038,4512824,4022867,4010662,4011899,4062767,4051499,4212298,4212298
2024-11-13 16:08:00,279,LinkedCells,1.000000,lc_sliced_balanced,none,SoA,disabled,4005506,3925912,3906408,4037165,3883503,3597154,3585002,3918386,4001865,3831911,3869281,3869281
2024-11-13 16:08:00,289,LinkedCells,1.000000,lc_sliced_balanced,none,SoA,enabled,2916703,2874068,2796500,2993349,3011955,2733706,3044415,2943717,2981363,3087843,2938361,2938361
2024-11-13 16:08:00,299,LinkedCells,1.000000,lc_sliced_balanced,squared-particles-per-cell,AoS,disabled,4983061,5013706,5924068,4987539,5004347,5885782,5792957,5034639,5916475,5899906,5444248,5444248
2024-11-13 16:08:00,309,LinkedCells,1.000000,lc_sliced_balanced,squared-particles-per-cell,AoS,enabled,3978460,4150410,4178925,3982659,4593110,4543368,4530385,4083903,4092430,3999154,4213279,4213279
2024-11-13 16:08:00,319,LinkedCells,1.000000,lc_sliced_balanced,squared-particles-per-cell,SoA,disabled,4115108,3900464,3617516,3615175,3674049,3638646,3934171,3887150,3593074,3618417,3759376,3759376
2024-11-13 16:08:00,329,LinkedCells,1.000000,lc_sliced_balanced,squared-particles-per-cell,SoA,enabled,2873584,2811589,2803200,2876127,3009459,2829031,3024539,2770104,2870056,2879779,2874746,2874746
2024-11-13 16:08:00,339,LinkedCells,1.000000,lc_sliced_c02,none,AoS,disabled,4876261,4785785,4775525,4762827,4713354,4789207,4786892,4771376,4846628,4835904,4794375,4794375
2024-11-13 16:08:01,349,LinkedCells,1.000000,lc_sliced_c02,none,AoS,enabled,3765556,3797788,3760211,3758907,3850615,3832931,3845206,3893666,3873848,3829398,3820812,3820812
2024-11-13 16:08:01,359,LinkedCells,1.000000,lc_sliced_c02,none,SoA,disabled,3805478,3451341,3491647,3511436,3480541,3490396,3494367,3451916,3448927,3499335,3512537,3512537
2024-11-13 16:08:01,369,LinkedCells,1.000000,lc_sliced_c02,none,SoA,enabled,2792174,2634220,2619437,2591794,2650044,2663969,2654276,2687212,2683253,2709057,2668542,2668542
2024-11-13 16:08:01,379,VerletClusterLists,1.000000,vcl_c01_balanced,none,AoS,disabled,9484127,14631735,15607568,14199282,15151183,14454765,14776680,14951448,15227943,14766121,14325084,14325084
2024-11-13 16:08:01,389,VerletClusterLists,1.000000,vcl_c01_balanced,none,SoA,disabled,5837188,12981165,12863526,12560882,12214066,12948455,12741537,12649548,13008922,12632343,12043762,12043762
2024-11-13 16:08:01,399,VerletClusterLists,1.000000,vcl_c06,none,AoS,disabled,8859601,15301492,15224203,15179343,15373179,14815787,15377898,15471349,15208685,15183287,14599482,14599482
2024-11-13 16:08:01,409,VerletClusterLists,1.000000,vcl_c06,none,AoS,enabled,6254981,12851448,13527352,13898257,13474700,14074354,13600201,12960203,13271915,13339805,12725321,12725321
2024-11-13 16:08:02,419,VerletClusterLists,1.000000,vcl_c06,none,SoA,disabled,5951312,12365192,12926697,13633710,13240049,13068995,13437554,13417693,13122689,13121885,12428576,12428576
2024-11-13 16:08:02,429,VerletClusterLists,1.000000,vcl_c06,none,SoA,enabled,4599623,12406174,12066049,12590979,12275046,11744892,12119622,13123139,12050767,12532052,11550834,11550834
2024-11-13 16:08:02,439,VerletClusterLists,1.000000,vcl_sliced,none,AoS,disabled,9105111,15470715,15514471,14595612,14570378,14629222,14501226,15055188,14501893,14547602,14249141,14249141
2024-11-13 16:08:02,449,VerletClusterLists,1.000000,vcl_sliced,none,AoS,enabled,6404324,12357640,12821995,12374943,12421938,12964495,12459894,12406628,12904509,13237021,12035338,12035338
2024-11-13 16:08:02,459,VerletClusterLists,1.000000,vcl_sliced,none,SoA,disabled,5512697,12035878,11823330,12222334,12071126,12738591,11872226,12097911,12181402,12158260,11471374,11471374
2024-11-13 16:08:02,469,VerletClusterLists,1.000000,vcl_sliced,none,SoA,enabled,4278448,11262630,11551042,11204036,11547574,11593749,11561144,11686367,12022311,12100669,10880796,10880796
2024-11-13 16:08:03,479,VerletClusterLists,1.000000,vcl_sliced_balanced,none,AoS,disabled,9144516,15159649,15660780,15208892,14932118,15081174,15674300,15231771,15428815,15016904,14653891,14653891
2024-11-13 16:08:03,489,VerletClusterLists,1.000000,vcl_sliced_balanced,none,AoS,enabled,6761695,13241380,13903568,12772225,13690057,13782406,13589382,13297764,13589428,13694202,12832210,12832210
2024-11-13 16:08:03,499,VerletClusterLists,1.000000,vcl_sliced_balanced,none,SoA,disabled,5630574,12957152,13343395,12718870,12986064,12304584,12596796,12654629,11951641,13595758,12073945,12073945
2024-11-13 16:08:03,509,VerletClusterLists,1.000000,vcl_sliced_balanced,none,SoA,enabled,4497930,12225782,12156760,11981145,12425783,12034945,11955276,11658244,12143010,12386434,11346530,11346530
2024-11-13 16:08:03,519,VerletClusterLists,1.000000,vcl_sliced_balanced,neighbor-list-length,AoS,disabled,10483237,15337277,14654629,15135695,14953839,15551936,14815299,15237186,14635494,14573459,14537804,14537804
2024-11-13 16:08:04,529,VerletClusterLists,1.000000,vcl_sliced_balanced,neighbor-list-length,AoS,enabled,6286373,13459117,13053677,12803840,12965094,12463673,12724857,13271442,12591662,13605745,12322547,12322547
2024-11-13 16:08:04,539,VerletClusterLists,1.000000,vcl_sliced_balanced,neighbor-list-length,SoA,disabled,6079420,13073166,11934096,12748638,12255371,12759746,11810987,11972032,12734099,12423340,11779089,11779089
2024-11-13 16:08:04,549,VerletClusterLists,1.000000,vcl_sliced_balanced,neighbor-list-length,SoA,enabled,4275227,12145162,11844917,12079515,12166169,12161128,11359350,11886052,11709536,11736967,11136402,11136402
2024-11-13 16:08:04,559,VerletClusterLists,1.000000,vcl_sliced_c02,none,AoS,disabled,9678050,14795014,15094260,15266861,14738366,14437032,14346324,14836765,15237045,14299754,14272946,14272946
2024-11-13 16:08:04,569,VerletClusterLists,1.000000,vcl_sliced_c02,none,AoS,enabled,6138069,12465590,13090844,12744745,12523972,12287056,12195384,12172878,12679337,12777037,11907491,11907491
2024-11-13 16:08:04,579,VerletClusterLists,1.000000,vcl_sliced_c02,none,SoA,disabled,5447146,13009238,12484598,12358831,12424808,12246506,12283122,11854990,12683412,12084734,11687737,11687737
2024-11-13 16:08:05,589,VerletClusterLists,1.000000,vcl_sliced_c02,none,SoA,enabled,4093615,11783652,11401877,11676220,11879934,11824209,11908929,11695755,11955190,11780934,11000031,11000031
2024-11-13 16:08:05,599,VerletLists,1.000000,vl_list_iteration,none,AoS,disabled,10014402,2856476,2782206,2800657,2869576,2843426,2856164,2837916,2833938,2848563,3554331,3554331
2024-11-13 16:08:05,609,VerletLists,1.000000,vl_list_iteration,none,SoA,disabled,11808089,1920569,1975265,1927062,1911321,1950436,1954515,1974178,1979253,1904492,2930517,2930517
2024-11-13 16:08:05,619,VerletListsCells,1.000000,vlc_c01,none,AoS,disabled,9353122,2371787,2389073,2325501,2337655,2421200,2317256,2357117,2384376,2382427,3063950,3063950
2024-11-13 16:08:05,629,VerletListsCells,1.000000,vlc_c01,none,SoA,disabled,11488844,1847441,1872243,1829012,1814496,1836487,1860376,1855021,1853484,1789431,2804682,2804682
2024-11-13 16:08:05,639,VerletListsCells,1.000000,vlc_c18,none,AoS,disabled,10002378,3757565,3799132,3800660,3732451,3778192,3828763,3707771,3736359,3769642,4391291,4391291
2024-11-13 16:08:05,649,VerletListsCells,1.000000,vlc_c18,none,AoS,enabled,7787682,3010534,3007445,3002267,3062153,3016078,3026379,3012465,3040864,3024829,3499069,3499069
2024-11-13 16:08:05,659,VerletListsCells,1.000000,vlc_c18,none,SoA,disabled,13074843,3171390,3164651,3180978,3199952,3224571,3219997,3169289,3156325,3160459,4172245,4172245
2024-11-13 16:08:05,669,VerletListsCells,1.000000,vlc_c18,none,SoA,enabled,10339179,2938373,3041119,2966300,3011698,2985460,2972926,2993488,2961534,2903948,3711401,3711401
2024-11-13 16:08:05,679,VerletListsCells,1.000000,vlc_c08,none,AoS,disabled,8905123,3147072,3083167,3074015,3113337,3097179,3156181,3156126,3136614,3064337,3693314,3693314
2024-11-13 16:08:05,689,VerletListsCells,1.000000,vlc_c08,none,AoS,enabled,6551770,2303746,2303290,2267696,2315259,2359828,2313160,2360798,2299675,2345319,2742053,2742053
2024-11-13 16:08:05,690,VerletListsCells,1.000000,vlc_c08,none,SoA,disabled,14482278,-1,-1,-1,-1,-1,-1,-1,-1,-1,14482278,14482278
2024-11-13 16:08:05,700,VerletListsCells,1.000000,vlc_c08,none,SoA,enabled,10316832,2354124,2360642,2356140,2357664,2414610,2416490,2367603,2395707,2483531,3182334,3182334
2024-11-13 16:08:05,710,VerletListsCells,1.000000,vlc_sliced,none,AoS,disabled,9235769,2615608,3014410,2587681,2549869,2540223,2560146,2828904,2591194,2591184,3311498,3311498
2024-11-13 16:08:05,720,VerletListsCells,1.000000,vlc_sliced,none,AoS,enabled,6479474,1772594,1797148,1856846,1818857,1807679,1890415,1794942,1862234,1837688,2291787,2291787
2024-11-13 16:08:05,730,VerletListsCells,1.000000,vlc_sliced,none,SoA,disabled,12265887,2094774,2075216,2072679,2084774,2083868,2078174,2057032,2271884,2269726,3135401,3135401
2024-11-13 16:08:05,740,VerletListsCells,1.000000,vlc_sliced,none,SoA,enabled,9291607,1786237,1804413,1715870,1752533,1760323,1776775,1791765,1767703,1770259,2521748,2521748
2024-11-13 16:08:06,750,VerletListsCells,1.000000,vlc_sliced_balanced,none,AoS,disabled,9058621,3036797,3053995,2950897,2945017,2584572,2452505,2452135,2870431,2863872,3426883,3426883
2024-11-13 16:08:06,760,VerletListsCells,1.000000,vlc_sliced_balanced,none,AoS,enabled,6824506,2059194,2076578,2084180,1745395,1744492,1732169,2005944,2003377,2025769,2430159,2430159
2024-11-13 16:08:06,770,VerletListsCells,1.000000,vlc_sliced_balanced,none,SoA,disabled,12275559,2402053,2444732,2451237,2438282,2395414,2443391,1953942,2432357,2438786,3367575,3367575
2024-11-13 16:08:06,780,VerletListsCells,1.000000,vlc_sliced_balanced,none,SoA,enabled,9497240,1980413,1964586,1741672,1748741,1750351,1781888,2003616,2055506,1749316,2627332,2627332
2024-11-13 16:08:06,790,VerletListsCells,1.000000,vlc_sliced_balanced,squared-particles-per-cell,AoS,disabled,9683511,3036820,2976792,2939695,2985713,3038609,3009970,3017238,3047977,3055312,3679163,3679163
2024-11-13 16:08:06,800,VerletListsCells,1.000000,vlc_sliced_balanced,squared-particles-per-cell,AoS,enabled,6764049,1763831,2115819,1806419,1831362,1757854,1773388,1769017,1771960,2125843,2347954,2347954
2024-11-13 16:08:06,810,VerletListsCells,1.000000,vlc_sliced_balanced,squared-particles-per-cell,SoA,disabled,12256762,2490795,2497371,2023775,2033937,2486731,2492258,2085271,2494888,2545194,3340697,3340697
2024-11-13 16:08:06,820,VerletListsCells,1.000000,vlc_sliced_balanced,squared-particles-per-cell,SoA,enabled,9297109,2030152,2020472,2019275,1753761,1807253,1811665,2008130,1769908,1783351,2630107,2630107
2024-11-13 16:08:06,830,VerletListsCells,1.000000,vlc_sliced_balanced,neighbor-list-length,AoS,disabled,9689341,3035572,3058280,3033796,2429742,2431450,2454312,3046549,3061615,2997878,3523853,3523853
2024-11-13 16:08:06,840,VerletListsCells,1.000000,vlc_sliced_balanced,neighbor-list-length,AoS,enabled,6728287,2062701,2057492,2105474,2133632,2110409,2063293,2038912,2039659,1772897,2511274,2511274
2024-11-13 16:08:06,850,VerletListsCells,1.000000,vlc_sliced_balanced,neighbor-list-length,SoA,disabled,12056755,2487810,1961181,1964335,1968610,1967850,1971799,1974579,1991559,1995133,3033960,3033960
2024-11-13 16:08:06,860,VerletListsCells,1.000000,vlc_sliced_balanced,neighbor-list-length,SoA,enabled,9103985,1796274,2061729,2005567,1741847,2047037,2041095,1837138,2057646,2053520,2674583,2674583
2024-11-13 16:08:06,870,VerletListsCells,1.000000,vlc_sliced_c02,none,AoS,disabled,9163529,2523552,2486513,2490542,2516371,2529716,2489561,2515408,2515065,2525711,3175596,3175596
2024-11-13 16:08:06,880,VerletListsCells,1.000000,vlc_sliced_c02,none,AoS,enabled,6473033,1736691,1752691,1745184,1776973,1739995,1735348,1735092,1745013,1724055,2216407,2216407
2024-11-13 16:08:06,890,VerletListsCells,1.000000,vlc_sliced_c02,none,SoA,disabled,11552996,1964917,2015613,2033888,2036181,2036379,2025517,2000906,2057352,2052496,2977624,2977624
2024-11-13 16:08:06,900,VerletListsCells,1.000000,vlc_sliced_c02,none,SoA,enabled,9150259,1721460,1717253,1703416,1705654,1714601,1744889,1726707,1760829,1800875,2474593,2474593
2024-11-13 16:08:06,901,PairwiseVerletLists,1.000000,vlp_c01,none,AoS,disabled,14068661,-1,-1,-1,-1,-1,-1,-1,-1,-1,14068661,14068661
2024-11-13 16:08:06,902,PairwiseVerletLists,1.000000,vlp_c01,none,SoA,disabled,31877502,-1,-1,-1,-1,-1,-1,-1,-1,-1,31877502,31877502
2024-11-13 16:08:06,903,PairwiseVerletLists,1.000000,vlp_c18,none,AoS,disabled,17503108,-1,-1,-1,-1,-1,-1,-1,-1,-1,17503108,17503108
2024-11-13 16:08:06,913,PairwiseVerletLists,1.000000,vlp_c18,none,AoS,enabled,11883803,3291476,3284618,3382092,3334868,3342207,3388542,3411060,3355749,3269784,4194419,4194419
2024-11-13 16:08:06,914,PairwiseVerletLists,1.000000,vlp_c18,none,SoA,disabled,33529688,-1,-1,-1,-1,-1,-1,-1,-1,-1,33529688,33529688
2024-11-13 16:08:06,915,PairwiseVerletLists,1.000000,vlp_c18,none,SoA,enabled,23027992,-1,-1,-1,-1,-1,-1,-1,-1,-1,23027992,23027992
2024-11-13 16:08:06,916,PairwiseVerletLists,1.000000,vlp_sliced,none,AoS,disabled,15500831,-1,-1,-1,-1,-1,-1,-1,-1,-1,15500831,15500831
2024-11-13 16:08:07,926,PairwiseVerletLists,1.000000,vlp_sliced,none,AoS,enabled,11209661,2143381,2228782,2224129,2232087,2229271,2159162,2223645,2238608,2254871,3114359,3114359
2024-11-13 16:08:07,927,PairwiseVerletLists,1.000000,vlp_sliced,none,SoA,disabled,32485128,-1,-1,-1,-1,-1,-1,-1,-1,-1,32485128,32485128
2024-11-13 16:08:07,928,PairwiseVerletLists,1.000000,vlp_sliced,none,SoA,enabled,23495011,-1,-1,-1,-1,-1,-1,-1,-1,-1,23495011,23495011
2024-11-13 16:08:07,929,PairwiseVerletLists,1.000000,vlp_sliced_balanced,none,AoS,disabled,15990927,-1,-1,-1,-1,-1,-1,-1,-1,-1,15990927,15990927
2024-11-13 16:08:07,939,PairwiseVerletLists,1.000000,vlp_sliced_balanced,none,AoS,enabled,11845122,2257056,2500605,2234129,2533050,2509463,2458959,2456678,2469305,2183610,3344797,3344797
2024-11-13 16:08:07,940,PairwiseVerletLists,1.000000,vlp_sliced_balanced,none,SoA,disabled,32796634,-1,-1,-1,-1,-1,-1,-1,-1,-1,32796634,32796634
2024-11-13 16:08:07,941,PairwiseVerletLists,1.000000,vlp_sliced_balanced,none,SoA,enabled,24478159,-1,-1,-1,-1,-1,-1,-1,-1,-1,24478159,24478159
2024-11-13 16:08:07,942,PairwiseVerletLists,1.000000,vlp_sliced_c02,none,AoS,disabled,16202540,-1,-1,-1,-1,-1,-1,-1,-1,-1,16202540,16202540
2024-11-13 16:08:07,952,PairwiseVerletLists,1.000000,vlp_sliced_c02,none,AoS,enabled,11390824,2232093,2244222,2249616,2247330,2292698,2290413,2229977,2287857,2275952,3174097,3174097
2024-11-13 16:08:07,953,PairwiseVerletLists,1.000000,vlp_sliced_c02,none,SoA,disabled,33206528,-1,-1,-1,-1,-1,-1,-1,-1,-1,33206528,33206528
2024-11-13 16:08:07,954,PairwiseVerletLists,1.000000,vlp_sliced_c02,none,SoA,enabled,24825001,-1,-1,-1,-1,-1,-1,-1,-1,-1,24825001,24825001
2024-11-13 16:08:07,955,PairwiseVerletLists,1.000000,vlp_c08,none,AoS,disabled,16876130,-1,-1,-1,-1,-1,-1,-1,-1,-1,16876130,16876130
2024-11-13 16:08:07,965,PairwiseVerletLists,1.000000,vlp_c08,none,AoS,enabled,12141295,2823536,2815898,2837245,2869299,2842957,2885993,2891247,2888815,2859129,3785541,3785541
2024-11-13 16:08:07,966,PairwiseVerletLists,1.000000,vlp_c08,none,SoA,disabled,33902018,-1,-1,-1,-1,-1,-1,-1,-1,-1,33902018,33902018
2024-11-13 16:08:07,967,PairwiseVerletLists,1.000000,vlp_c08,none,SoA,enabled,25360248,-1,-1,-1,-1,-1,-1,-1,-1,-1,25360248,25360248
2024-11-13 16:08:31,6009,LinkedCells,1.000000,lc_c01,none,AoS,disabled,4617840,4623836,4659430,4662541,4644718,4627126,4650336,4641384,4630524,4599363,4635709,4635709
2024-11-13 16:08:31,6019,LinkedCells,1.000000,lc_c01,none,SoA,disabled,4525197,3416479,3437642,3435026,3437594,3429512,3408866,3439600,3434376,3430884,3539517,3539517
2024-11-13 16:08:31,6029,LinkedCells,1.000000,lc_c01_combined_SoA,none,SoA,disabled,3617800,3523090,3554436,3528149,3499889,3538652,3545838,3550316,3533483,3549530,3544117,3544117
2024-11-13 16:08:31,6039,LinkedCells,1.000000,lc_c04,none,AoS,disabled,4024001,4078841,4057805,4100453,4035493,4024172,4061973,4026408,4055543,4063696,4052837,4052837
2024-11-13 16:08:31,6049,LinkedCells,1.000000,lc_c04,none,AoS,enabled,3399372,3393894,3410302,3466657,3453852,3440337,3463498,3459885,3426871,3444020,3435868,3435868
2024-11-13 16:08:31,6059,LinkedCells,1.000000,lc_c04,none,SoA,disabled,4012622,3743026,3774072,3742984,3789552,3765527,3790541,3769386,3815352,3771263,3797432,3797432
2024-11-13 16:08:31,6069,LinkedCells,1.000000,lc_c04,none,SoA,enabled,2943879,2865023,2881463,2904759,2896179,2882970,2865310,2907739,2910555,2952064,2900994,2900994
2024-11-13 16:08:31,6079,LinkedCells,1.000000,lc_c04_HCP,none,AoS,disabled,4032590,4048014,4022029,4047832,4101318,4094701,4054317,4073607,4052958,4060723,4058808,4058808
2024-11-13 16:08:31,6089,LinkedCells,1.000000,lc_c04_HCP,none,AoS,enabled,3391562,3476811,3475900,3442077,3448569,3375150,3427788,3439775,3467619,3498969,3444421,3444421
2024-11-13 16:08:31,6099,LinkedCells,1.000000,lc_c04_HCP,none,SoA,disabled,4019706,3806453,3766936,3796580,3832907,3845079,3840567,3846443,3823371,3831949,3840998,3840998
2024-11-13 16:08:31,6109,LinkedCells,1.000000,lc_c04_HCP,none,SoA,enabled,3276895,3043237,3030527,3008728,3067985,3037978,2991625,2983852,2967919,3047595,3045633,3045633
2024-11-13 16:08:31,6119,LinkedCells,1.000000,lc_c04_combined_SoA,none,SoA,disabled,4624881,4573338,4489482,4502427,4613205,4500487,4646083,4590307,4632841,4661681,4583472,4583472
2024-11-13 16:08:31,6129,LinkedCells,1.000000,lc_c04_combined_SoA,none,SoA,enabled,3805439,3792257,3827805,3771807,3837170,3771920,3821402,3785886,3865019,3804220,3808292,3808292
2024-11-13 16:08:31,6139,LinkedCells,1.000000,lc_c08,none,AoS,disabled,4536832,4562764,4471610,4539315,4532169,4533068,4560694,4493725,4541411,4593181,4536476,4536476
2024-11-13 16:08:31,6149,LinkedCells,1.000000,lc_c08,none,AoS,enabled,3866730,3839741,3931293,3954068,3870627,3855708,3870147,3877451,3863966,3920028,3884975,3884975
2024-11-13 16:08:31,6159,LinkedCells,1.000000,lc_c08,none,SoA,disabled,4542892,4303721,4306232,4284565,4346842,4372263,4380940,4298645,4316107,4407563,4355976,4355976
2024-11-13 16:08:31,6169,LinkedCells,1.000000,lc_c08,none,SoA,enabled,3552572,3509800,3473993,3496681,3462610,3474897,3532227,3575414,3557891,3562072,3519815,3519815
2024-11-13 16:08:32,6179,LinkedCells,1.000000,lc_c18,none,AoS,disabled,5261717,5335031,5333314,5233582,5274975,5299486,5287522,5305237,5365533,5232755,5292914,5292914
2024-11-13 16:08:32,6189,LinkedCells,1.000000,lc_c18,none,AoS,enabled,4653829,4577275,4627606,4625903,4641846,4687053,4602571,4623915,4655550,4625185,4632073,4632073
2024-11-13 16:08:32,6199,LinkedCells,1.000000,lc_c18,none,SoA,disabled,5319296,5105138,5185101,5192480,5187059,5063163,5216681,5238723,5167573,5157408,5183261,5183261
2024-11-13 16:08:32,6209,LinkedCells,1.000000,lc_c18,none,SoA,enabled,4653953,4470762,4436120,4438202,4435622,4376321,4325093,4434785,4488509,4444697,4450406,4450406
2024-11-13 16:08:32,6219,LinkedCells,1.000000,lc_sliced,none,AoS,disabled,4207159,4027888,4027472,4204560,4011871,4004591,4217781,3914222,4205723,4196962,4101822,4101822
2024-11-13 16:08:32,6229,LinkedCells,1.000000,lc_sliced,none,AoS,enabled,3463776,3354761,3286062,3470473,3459949,3455410,3313631,3419556,3313455,3444867,3398193,3398193
2024-11-13 16:08:32,6239,LinkedCells,1.000000,lc_sliced,none,SoA,disabled,3830347,3713173,3665275,3771707,3726465,3649173,3673275,3695748,3753590,3692679,3717143,3717143
2024-11-13 16:08:32,6249,LinkedCells,1.000000,lc_sliced,none,SoA,enabled,2764569,2698095,2653962,2707040,2706652,2725076,2650721,2654250,2645555,2674458,2688037,2688037
2024-11-13 16:08:32,6259,LinkedCells,1.000000,lc_sliced_balanced,none,AoS,disabled,4017802,4020741,4298510,4423927,4491656,4441032,4342663,4133509,4236171,4874224,4328023,4328023
2024-11-13 16:08:32,6269,LinkedCells,1.000000,lc_sliced_balanced,none,AoS,enabled,3624217,3592460,3833574,3757312,3884730,3406204,3405271,3812328,3500369,3465073,3628153,3628153
2024-11-13 16:08:32,6279,LinkedCells,1.000000,lc_sliced_balanced,none,SoA,disabled,3753293,3841261,4000637,4066987,3767470,3927764,3941141,3730965,3825907,4137431,3899285,3899285
2024-11-13 16:08:32,6289,LinkedCells,1.000000,lc_sliced_balanced,none,SoA,enabled,2752115,2714798,2768845,2767746,2812278,2885560,2888652,2787128,2740542,2870657,2798831,2798831
2024-11-13 16:08:32,6299,LinkedCells,1.000000,lc_sliced_balanced,squared-particles-per-cell,AoS,disabled,4765373,4600121,4387344,4078890,4014120,4138993,4013720,4098571,4060657,4170467,4232825,4232825
2024-11-13 16:08:32,6309,LinkedCells,1.000000,lc_sliced_balanced,squared-particles-per-cell,AoS,enabled,3635794,3537791,3542574,3565900,3619037,3779607,3809483,3853861,3932512,3673929,3695048,3695048
2024-11-13 16:08:32,6319,LinkedCells,1.000000,lc_sliced_balanced,squared-particles-per-cell,SoA,disabled,5036082,3897124,3662940,3876997,3800448,3850300,3842777,3961368,3955618,3942395,3982604,3982604
2024-11-13 16:08:33,6329,LinkedCells,1.000000,lc_sliced_balanced,squared-particles-per-cell,SoA,enabled,2939695,2814412,2926364,2945080,3031992,2895212,2867825,2688489,2857040,2739846,2870594,2870594
2024-11-13 16:08:33,6339,LinkedCells,1.000000,lc_sliced_c02,none,AoS,disabled,4085278,4023984,4044275,4031581,4050307,4065586,4092816,4132734,4047021,4046148,4061972,4061972
2024-11-13 16:08:33,6349,LinkedCells,1.000000,lc_sliced_c02,none,AoS,enabled,3382212,3404174,3415610,3363321,3402201,3444273,3422132,3448210,3433794,3432486,3414840,3414840
2024-11-13 16:08:33,6359,LinkedCells,1.000000,lc_sliced_c02,none,SoA,disabled,4860449,3723653,3726768,3679363,3807995,3799422,3816209,3841227,3798761,3755427,3880926,3880926
2024-11-13 16:08:33,6369,LinkedCells,1.000000,lc_sliced_c02,none,SoA,enabled,2839733,2745922,2789373,2716921,2709616,2778071,2804766,2830623,2776858,2824534,2781641,2781641
2024-11-13 16:08:33,6379,VerletClusterLists,1.000000,vcl_c01_balanced,none,AoS,disabled,7378852,13904548,12966609,13022886,13088483,12804329,13056918,13092506,12788263,13464911,12556830,12556830
2024-11-13 16:08:33,6389,VerletClusterLists,1.000000,vcl_c01_balanced,none,SoA,disabled,4768438,12177753,11599675,11776994,11897144,11976688,11722190,11700327,12206898,11949308,11177541,11177541
2024-11-13 16:08:33,6399,VerletClusterLists,1.000000,vcl_c06,none,AoS,disabled,6667803,13802636,13951210,13932616,13309113,14377573,13836435,13277001,13793422,13328252,13027605,13027605
2024-11-13 16:08:33,6409,VerletClusterLists,1.000000,vcl_c06,none,AoS,enabled,5617694,12703438,12728597,12718201,11880713,13238500,12576157,11837519,12161407,12043463,11750568,11750568
2024-11-13 16:08:34,6419,VerletClusterLists,1.000000,vcl_c06,none,SoA,disabled,4769219,12787498,11977933,12021138,11928543,12804958,12159821,12582665,12628047,12144405,11580422,11580422
2024-11-13 16:08:34,6429,VerletClusterLists,1.000000,vcl_c06,none,SoA,enabled,4046556,12570700,12652467,12053051,11905665,12298858,11313472,12093625,12707457,12392818,11403466,11403466
2024-11-13 16:08:34,6439,VerletClusterLists,1.000000,vcl_sliced,none,AoS,disabled,6695490,13829389,13321153,13948087,12740106,13952100,13690091,13324825,13770663,13270538,12854244,12854244
2024-11-13 16:08:34,6449,VerletClusterLists,1.000000,vcl_sliced,none,AoS,enabled,4875679,12324721,11915864,12150595,12290363,11996538,12220115,12213022,12672320,12008143,11466735,11466735
2024-11-13 16:08:34,6459,VerletClusterLists,1.000000,vcl_sliced,none,SoA,disabled,4281494,12035765,11748255,12011257,11504444,11763653,12401289,11338649,11981589,11975075,11104146,11104146
2024-11-13 16:08:34,6469,VerletClusterLists,1.000000,vcl_sliced,none,SoA,enabled,3497595,11622263,11263064,11724799,11661573,11695585,11665611,11237705,12039484,11108712,10751639,10751639
2024-11-13 16:08:35,6479,VerletClusterLists,1.000000,vcl_sliced_balanced,none,AoS,disabled,6700447,13691370,13573421,13772195,13523615,13926289,13415928,13716550,13815373,13532195,12966737,12966737
2024-11-13 16:08:35,6489,VerletClusterLists,1.000000,vcl_sliced_balanced,none,AoS,enabled,4804259,11701787,11967587,11806747,12069581,11703564,12034559,11956603,11998729,11560039,11160345,11160345
2024-11-13 16:08:35,6499,VerletClusterLists,1.000000,vcl_sliced_balanced,none,SoA,disabled,4276265,11719158,11363318,12168522,11732816,12429683,11226568,11167380,11924418,11676868,10968499,10968499
2024-11-13 16:08:35,6509,VerletClusterLists,1.000000,vcl_sliced_balanced,none,SoA,enabled,3976032,11842529,11149727,11024283,11736147,11833260,11559476,11820430,11999210,11210657,10815174,10815174
2024-11-13 16:08:35,6519,VerletClusterLists,1.000000,vcl_sliced_balanced,neighbor-list-length,AoS,disabled,7848240,13106899,13593466,12841568,13498798,13137911,13570960,12960255,14118001,13893816,12856991,12856991
2024-11-13 16:08:36,6529,VerletClusterLists,1.000000,vcl_sliced_balanced,neighbor-list-length,AoS,enabled,5378745,12497235,12373060,11956002,11892833,12473821,12210717,12200480,12295267,12659231,11593739,11593739
2024-11-13 16:08:36,6539,VerletClusterLists,1.000000,vcl_sliced_balanced,neighbor-list-length,SoA,disabled,4650065,11705882,11499614,11689625,12493814,11703593,11354680,12158175,11571894,11546994,11037433,11037433
2024-11-13 16:08:36,6549,VerletClusterLists,1.000000,vcl_sliced_balanced,neighbor-list-length,SoA,enabled,3510396,11615529,11529368,11890507,11299050,11659700,11754341,11587830,11664256,11463609,10797458,10797458
2024-11-13 16:08:36,6559,VerletClusterLists,1.000000,vcl_sliced_c02,none,AoS,disabled,7063610,13037176,13938969,13183862,13147903,13840737,13543066,13959732,12573446,13932502,12822099,12822099
2024-11-13 16:08:36,6569,VerletClusterLists,1.000000,vcl_sliced_c02,none,AoS,enabled,4911813,12391568,12336289,11818918,11720173,12143795,12146530,11759656,12730859,12573199,11453279,11453279
2024-11-13 16:08:36,6579,VerletClusterLists,1.000000,vcl_sliced_c02,none,SoA,disabled,4459720,12217100,11375796,11329934,11780093,12598842,11823423,11798080,11419601,11640087,11044267,11044267
2024-11-13 16:08:36,6589,VerletClusterLists,1.000000,vcl_sliced_c02,none,SoA,enabled,3541752,11458269,10772937,10749445,11028750,11496603,11462714,11870465,11186492,11336146,10490356,10490356
2024-11-13 16:08:37,6599,VerletLists,1.000000,vl_list_iteration,none,AoS,disabled,9639305,2566675,2567358,2545299,2570262,2588716,2532996,2561671,2604027,2545304,3272160,3272160
2024-11-13 16:08:37,6609,VerletLists,1.000000,vl_list_iteration,none,SoA,disabled,11223926,1861490,1795634,1851036,1846424,1842201,1840582,1855278,1830862,1822490,2776992,2776992
2024-11-13 16:08:37,6619,VerletListsCells,1.000000,vlc_c01,none,AoS,disabled,9213443,2135784,2126306,2183243,2120324,2159220,2132371,2153135,2186160,2191654,2860163,2860163
2024-11-13 16:08:37,6629,VerletListsCells,1.000000,vlc_c01,none,SoA,disabled,11362416,1772737,1746049,1755812,1736675,1773021,1794352,1812502,1718658,1751846,2722406,2722406
2024-11-13 16:08:37,6639,VerletListsCells,1.000000,vlc_c18,none,AoS,disabled,9581408,3633370,3629956,3658935,3577545,3644315,3564851,3679542,3641584,3646569,4225806,4225806
2024-11-13 16:08:37,6649,VerletListsCells,1.000000,vlc_c18,none,AoS,enabled,7773777,2840105,2893292,2875882,2905990,2939894,2894778,2900140,2883710,2879064,3378663,3378663
2024-11-13 16:08:37,6659,VerletListsCells,1.000000,vlc_c18,none,SoA,disabled,12877277,3068508,3103511,3102660,3146497,3127110,3173950,3153826,3065823,3091918,4091108,4091108
2024-11-13 16:08:37,6669,VerletListsCells,1.000000,vlc_c18,none,SoA,enabled,10635158,2948065,2987040,2981035,2908369,2907924,2897689,2873590,2895041,2937975,3697188,3697188
2024-11-13 16:08:37,6679,VerletListsCells,1.000000,vlc_c08,none,AoS,disabled,8207622,2941003,2886329,2931515,2961888,2965421,2928246,2893941,2911427,2977029,3460441,3460441
2024-11-13 16:08:37,6689,VerletListsCells,1.000000,vlc_c08,none,AoS,enabled,6225764,2268186,2238574,2303916,2301856,2299866,2298994,2283011,2293841,2294564,2680856,2680856
2024-11-13 16:08:37,6699,VerletListsCells,1.000000,vlc_c08,none,SoA,disabled,13520349,2786363,2799683,2820604,2869404,2867638,2844665,2822676,2792470,2806740,3893058,3893058
2024-11-13 16:08:37,6709,VerletListsCells,1.000000,vlc_c08,none,SoA,enabled,10715825,2302889,2290708,2383426,2401873,2378840,2401496,2360456,2380755,2365899,3198215,3198215
2024-11-13 16:08:37,6719,VerletListsCells,1.000000,vlc_sliced,none,AoS,disabled,8942506,2287026,2283897,2326349,2307514,2294233,2341446,2307634,2318760,2338545,2974790,2974790
2024-11-13 16:08:37,6729,VerletListsCells,1.000000,vlc_sliced,none,AoS,enabled,6397224,1668322,1630306,1703624,1648414,1679980,1704727,1679632,1650394,1652879,2141549,2141549
2024-11-13 16:08:37,6739,VerletListsCells,1.000000,vlc_sliced,none,SoA,disabled,11873622,1910715,1935843,1912402,1918964,1911972,1886492,1882846,1890670,1896973,2902049,2902049
2024-11-13 16:08:37,6749,VerletListsCells,1.000000,vlc_sliced,none,SoA,enabled,9359248,1680862,1687876,1668896,1682028,1681559,1693559,1709345,1720901,1712275,2459654,2459654
2024-11-13 16:08:37,6759,VerletListsCells,1.000000,vlc_sliced_balanced,none,AoS,disabled,8433037,2334363,2330201,2341012,2379795,2886321,2890664,2420011,2940233,2946487,3190212,3190212
2024-11-13 16:08:37,6769,VerletListsCells,1.000000,vlc_sliced_balanced,none,AoS,enabled,6743150,1997019,1991033,1989871,1930002,1960029,1919609,1944163,1761987,1715656,2395251,2395251
2024-11-13 16:08:38,6779,VerletListsCells,1.000000,vlc_sliced_balanced,none,SoA,disabled,11913674,1917313,1991842,1998937,1990656,1887723,1883956,1898095,1900620,1900271,2928308,2928308
2024-11-13 16:08:38,6789,VerletListsCells,1.000000,vlc_sliced_balanced,none,SoA,enabled,9310468,1765327,1827536,1989215,2006530,2019521,2008820,2007847,1901554,1718841,2655565,2655565
2024-11-13 16:08:38,6799,VerletListsCells,1.000000,vlc_sliced_balanced,squared-particles-per-cell,AoS,disabled,9382095,2844573,2474138,2369585,2777017,2732744,2750551,2719745,2476795,2399483,3292672,3292672
2024-11-13 16:08:38,6809,VerletListsCells,1.000000,vlc_sliced_balanced,squared-particles-per-cell,AoS,enabled,7065906,1757459,2043634,2032895,1928224,1936768,1682155,1698330,1700749,1698593,2354470,2354470
2024-11-13 16:08:38,6819,VerletListsCells,1.000000,vlc_sliced_balanced,squared-particles-per-cell,SoA,disabled,11576413,2262952,1976909,1992228,2443992,1992496,1927856,1923244,1954978,1999512,3005057,3005057
2024-11-13 16:08:38,6829,VerletListsCells,1.000000,vlc_sliced_balanced,squared-particles-per-cell,SoA,enabled,9142095,1925428,1761146,1739764,1803048,1787505,2025392,1785500,2041357,1954224,2596545,2596545
2024-11-13 16:08:38,6839,VerletListsCells,1.000000,vlc_sliced_balanced,neighbor-list-length,AoS,disabled,9438466,2880098,2876865,2384458,2861123,2378215,2914309,2378112,2410961,2921887,3344449,3344449
2024-11-13 16:08:38,6849,VerletListsCells,1.000000,vlc_sliced_balanced,neighbor-list-length,AoS,enabled,6760453,1936649,1948871,1949059,1948635,1952118,1961402,1953951,1959799,1956989,2432792,2432792
2024-11-13 16:08:38,6859,VerletListsCells,1.000000,vlc_sliced_balanced,neighbor-list-length,SoA,disabled,11538342,1992052,2353097,2349972,2063001,1995690,1997889,2391181,2444184,2479170,3160457,3160457
2024-11-13 16:08:38,6869,VerletListsCells,1.000000,vlc_sliced_balanced,neighbor-list-length,SoA,enabled,9532202,1823353,2027847,1985957,2013329,2020314,2017751,2024196,2045826,2015317,2750608,2750608
2024-11-13 16:08:38,6879,VerletListsCells,1.000000,vlc_sliced_c02,none,AoS,disabled,9431055,2328698,2347780,2317532,2299448,2348154,2332338,2355195,2386865,2404898,3055195,3055195
2024-11-13 16:08:38,6889,VerletListsCells,1.000000,vlc_sliced_c02,none,AoS,enabled,6457564,1675198,1670707,1698602,1670354,1680047,1696017,1686572,1696724,1708375,2164015,2164015
2024-11-13 16:08:38,6899,VerletListsCells,1.000000,vlc_sliced_c02,none,SoA,disabled,11518359,1946782,1958186,1950872,1963667,1925391,1933918,1962356,1937656,1963711,2906089,2906089
2024-11-13 16:08:38,6909,VerletListsCells,1.000000,vlc_sliced_c02,none,SoA,enabled,9748822,1702269,1697043,1708731,1689424,1672807,1694546,1703364,1716681,1729954,2506363,2506363
2024-11-13 16:08:38,6910,PairwiseVerletLists,1.000000,vlp_c01,none,AoS,disabled,14874611,-1,-1,-1,-1,-1,-1,-1,-1,-1,14874611,14874611
2024-11-13 16:08:38,6911,PairwiseVerletLists,1.000000,vlp_c01,none,SoA,disabled,30820463,-1,-1,-1,-1,-1,-1,-1,-1,-1,30820463,30820463
2024-11-13 16:08:38,6912,PairwiseVerletLists,1.000000,vlp_c18,none,AoS,disabled,19033299,-1,-1,-1,-1,-1,-1,-1,-1,-1,19033299,19033299
2024-11-13 16:08:38,6913,PairwiseVerletLists,1.000000,vlp_c18,none,AoS,enabled,13088614,-1,-1,-1,-1,-1,-1,-1,-1,-1,13088614,13088614
2024-11-13 16:08:38,6914,PairwiseVerletLists,1.000000,vlp_c18,none,SoA,disabled,34675564,-1,-1,-1,-1,-1,-1,-1,-1,-1,34675564,34675564
2024-11-13 16:08:38,6915,PairwiseVerletLists,1.000000,vlp_c18,none,SoA,enabled,27095358,-1,-1,-1,-1,-1,-1,-1,-1,-1,27095358,27095358
2024-11-13 16:08:38,6916,PairwiseVerletLists,1.000000,vlp_sliced,none,AoS,disabled,16658446,-1,-1,-1,-1,-1,-1,-1,-1,-1,16658446,16658446
2024-11-13 16:08:38,6926,PairwiseVerletLists,1.000000,vlp_sliced,none,AoS,enabled,11647640,2068912,2114003,2117867,2125348,2111399,2116452,2126808,2083689,2094245,3060635,3060635
2024-11-13 16:08:39,6927,PairwiseVerletLists,1.000000,vlp_sliced,none,SoA,disabled,33802048,-1,-1,-1,-1,-1,-1,-1,-1,-1,33802048,33802048
2024-11-13 16:08:39,6928,PairwiseVerletLists,1.000000,vlp_sliced,none,SoA,enabled,33842216,-1,-1,-1,-1,-1,-1,-1,-1,-1,33842216,33842216
2024-11-13 16:08:39,6929,PairwiseVerletLists,1.000000,vlp_sliced_balanced,none,AoS,disabled,16740141,-1,-1,-1,-1,-1,-1,-1,-1,-1,16740141,16740141
2024-11-13 16:08:39,6939,PairwiseVerletLists,1.000000,vlp_sliced_balanced,none,AoS,enabled,12238489,2405136,2431356,2426398,2419467,2451773,2467138,2313424,2240105,2202346,3359562,3359562
2024-11-13 16:08:39,6940,PairwiseVerletLists,1.000000,vlp_sliced_balanced,none,SoA,disabled,33800525,-1,-1,-1,-1,-1,-1,-1,-1,-1,33800525,33800525
2024-11-13 16:08:39,6941,PairwiseVerletLists,1.000000,vlp_sliced_balanced,none,SoA,enabled,26420677,-1,-1,-1,-1,-1,-1,-1,-1,-1,26420677,26420677
2024-11-13 16:08:39,6942,PairwiseVerletLists,1.000000,vlp_sliced_c02,none,AoS,disabled,16906278,-1,-1,-1,-1,-1,-1,-1,-1,-1,16906278,16906278
2024-11-13 16:08:39,6952,PairwiseVerletLists,1.000000,vlp_sliced_c02,none,AoS,enabled,11981140,2185592,2148239,2137452,2158343,2114465,2182324,2142485,2155669,2145906,3135161,3135161
2024-11-13 16:08:39,6953,PairwiseVerletLists,1.000000,vlp_sliced_c02,none,SoA,disabled,38767941,-1,-1,-1,-1,-1,-1,-1,-1,-1,38767941,38767941
2024-11-13 16:08:39,6954,PairwiseVerletLists,1.000000,vlp_sliced_c02,none,SoA,enabled,27012329,-1,-1,-1,-1,-1,-1,-1,-1,-1,27012329,27012329
2024-11-13 16:08:39,6955,PairwiseVerletLists,1.000000,vlp_c08,none,AoS,disabled,18201395,-1,-1,-1,-1,-1,-1,-1,-1,-1,18201395,18201395
2024-11-13 16:08:39,6965,PairwiseVerletLists,1.000000,vlp_c08,none,AoS,enabled,12815237,2778518,2903736,2879856,2918223,2997106,3416659,3425674,3143468,2941318,4021978,4021978
2024-11-13 16:08:39,6966,PairwiseVerletLists,1.000000,vlp_c08,none,SoA,disabled,36718390,-1,-1,-1,-1,-1,-1,-1,-1,-1,36718390,36718390
2024-11-13 16:08:39,6967,PairwiseVerletLists,1.000000,vlp_c08,none,SoA,enabled,27496052,-1,-1,-1,-1,-1,-1,-1,-1,-1,27496052,27496052
